recommendation_id,recommendation_name,recommendation_type,category,subcategory,technology,description,business_impact,estimated_savings_notes,feasibility,feasibility_notes,performance_gain_type,performance_gain_parameter,csp_aws,csp_azure,csp_gcp,csp_oci,saas_finops,saas_flexera,saas_apptio,saas_harness,saas_datadog,saas_cloudhealth,savings_pct_typical,problem_severity,implementation_complexity,priority_notes,remarks,documentation_link,
R001,VM / EC2 Instance Rightsizing,cost_saving,Compute,Virtual Machine,EC2; Azure VM; GCE; OCI Compute,Right-size overprovisioned VMs based on CPU and memory utilization over a rolling window. Suggests moving to smaller instance type or family.,Eliminating over-provisioning is the single largest cost-saving lever across all cloud customers. Typical bill impact 10-40% of compute spend.,(On-demand cost of current instance − cost of recommended instance) × running hours. Triggered when avg CPU < 40% and peak CPU < 60% for 14 days.,Practical,CPU available natively; memory requires agent on all CSPs.,,,Yes – native (Compute Optimizer),Yes – native (Azure Advisor),Yes – native (GCP Recommender),Yes – native (OCI Cloud Advisor),Yes,Yes,Yes,Yes,Yes,Yes,10-40%,Top,Low,Highest ROI advisory. Build first. Deduplicate with R002 (idle).,,,
R002,Idle Compute Instance,cost_saving,Compute,Virtual Machine,EC2; Azure VM; GCE; OCI Compute,Identify instances with negligible CPU and network I/O over a sustained period. Recommend stop or terminate.,100% of instance cost recovered when stopped. Critical for dev/test environments that run 24/7 unnecessarily.,Savings = hourly rate × idle hours. Triggered: avg CPU < 5% AND network < 5 MB/h for 7 consecutive days.,Practical,CPU and network metrics available natively on all CSPs without agent.,,,Yes – native (Cost Optimizer),Yes – native (Azure Advisor),Yes – native (VM Idle Recommender),Yes – native (OCI Cloud Advisor),Yes,Yes,Yes,Yes,Yes,Yes,High (100% idle),Top,Low,Very common problem especially in non-prod. Easy to flag.,,,
R003,CSP-Native Idle Delete Recommendation,cost_saving,Compute,Virtual Machine,AWS Cost Optimization Hub; Azure Advisor; GCP VM Rightsizing Recommender; OCI Cloud Advisor,Consume and surface the pre-computed idle/delete recommendation from the CSP's own recommendation engine. Complements FinOps's own detection (R002).,Zero additional computation cost. CSP already identified the resource. Acts as safety net and cross-validation.,CSP pre-computes savings. Surface and normalize. Trigger: CSP recommendation exists for resource.,Practical,CSP Recommendation APIs return pre-calculated savings.,,,Yes – Cost Optimization Hub API,Yes – Advisor Recommendations API,Yes – GCP Recommender API,Yes – OCI Cloud Advisor API,Yes,Yes,Yes,Yes,Yes,Yes,High,Top,Low,Consume CSP recommendation API. Deduplicate against R001 and R002.,,,
R004,Burstable / Flexible Instance Type Migration,cost_saving,Compute,Virtual Machine,EC2 T-family; Azure B-series VMs; GCP E2 shared-core; OCI Burstable,Recommend migrating standard instance to burstable (T/B-series) when sustained CPU is consistently low and variable. CPU credits provide burst capacity.,Up to 40% cheaper than standard equivalent. Significant for workloads that spike briefly but run low most of the time.,Eligible if avg CPU < 10% with peak CPU < 40% for 14 days. Savings = (std price − burstable price) × hours.,Practical,CPU utilization available natively. Baseline credit consumption needs modelling.,,,Yes,Yes,No,No – OCI has Flex shapes,Yes,Yes,Yes,Partial,Partial,Yes,Up to 40%,High,Medium,Good second-order saving after rightsizing. Requires instance type eligibility check.,,,
R005,Reserved Instance / Savings Plan (AWS),cost_saving,Compute,Commitment Discounts,AWS EC2 RI; AWS Compute Savings Plans; AWS EC2 Instance Savings Plans; AWS SageMaker SP,Purchase AWS RI or Savings Plans for on-demand workloads running >500 h/month. AWS recommends based on 7/30/60-day lookback.,30-72% discount vs on-demand. Single largest % saving for steady workloads.,`Coverage < 80%` for eligible instance family over 30 days. Savings = (on-demand rate − committed rate) × eligible hours.,Practical,Uses AWS Cost and Usage Report (CUR) and Cost Explorer API.,,,Yes – Cost Explorer API / Cost Optimization Hub,Partial – Azure has R007,Partial – GCP has R006,Partial – OCI has R008,Yes,Yes,Yes,Yes,Partial,Yes,30-72%,Top,Medium,Build RI/SP coverage analysis as highest-priority advisory for AWS.,,https://docs.aws.amazon.com/cost-management/latest/userguide/ri-recommendations.html,
R006,GCP Committed Use Discounts (CUD),cost_saving,Compute,Commitment Discounts,GCP Compute Engine CUDs; GCP Cloud SQL CUDs,GCP resource-based 1-year or 3-year commitments for Compute Engine vCPUs and memory. CUDs auto-apply to eligible usage.,Up to 57% discount vs on-demand. Applies automatically once committed.,`On-demand spend > $X for eligible machine types for 30+ days`. Uses GCP CUD Recommender API.,Practical,GCP Recommender API returns pre-computed CUD recommendations.,,,No,Partial – AWS has R005,Yes,No,Yes,Yes,Yes,Partial,Partial,Yes,30-57%,Top,Medium,GCP-specific. Consume GCP CUD Recommender API.,,https://cloud.google.com/docs/cuds-recommender,
R007,Azure Reserved Instances / Savings Plans,cost_saving,Compute,Commitment Discounts,Azure Reserved VM Instances; Azure Savings Plans; Azure SQL RI; Azure Cosmos DB RI,Azure reservation or Savings Plan for consistent Azure VM / SQL / Cosmos / App Service usage. 1 or 3 year.,Up to 72% savings vs pay-as-you-go.,`Coverage < 80%` for eligible VM family for 30 days. Uses Azure Consumption API + Reservations API.,Practical,Azure Billing / Consumption API provides coverage and recommendations natively.,,,Partial – AWS has R005,Yes – Azure Advisor Reservations tab,Partial – GCP has R006,No,Yes,Yes,Yes,Yes,Partial,Yes,30-72%,Top,Medium,Azure-specific. Advisor provides recommendations; also computable from usage data.,,https://learn.microsoft.com/en-us/azure/cost-management-billing/reservations/,
R008,OCI Reserved Capacity / Universal Credits,cost_saving,Compute,Commitment Discounts,OCI Reserved Compute; OCI Universal Credits; OCI Flex shapes,Commit to OCI Universal Credits or reserved capacity for predictable workloads.,Predictable pricing; discount vs PAYG.,OCI FinOps Hub and usage analysis. Trigger: on-demand spend > threshold for 30+ days.,Practical,OCI Cost Management / FinOps Hub API.,,,No,No,No,Yes – OCI FinOps Hub,Yes,Yes,Yes,Partial,Partial,Yes,30-50%,Top,Medium,OCI-specific.,,https://docs.oracle.com/en-us/iaas/Content/Billing/Concepts/FinOps.htm,
R009,Azure App Service Plan Right-Sizing,cost_saving,Compute,PaaS Service,Azure App Service Plan (Basic; Standard; Premium),Downsize underutilized Azure App Service Plan to cheaper SKU. Azure Advisor analyses CPU/memory over 7 days.,App Service plans often over-provisioned. Savings = (current tier − recommended tier) × hours.,`Avg CPU < 30%` and memory utilization low for 7 days. Use Azure Monitor App Service metrics.,Practical,Azure Monitor provides App Service metrics natively (no agent).,,,No,Yes – Azure Advisor,No,No,Yes,Yes,Yes,Yes,Partial,Yes,10-40%,High,Low,Azure-specific.,,,
R010,Unused / Empty Azure App Service Plan,cost_saving,Compute,PaaS Service,Azure App Service Plan,Delete idle Azure App Service plans with no apps deployed or zero traffic.,100% of plan cost recovered.,Zero requests/deployments for 7+ days. Use Azure Resource Manager + Monitor metrics.,Practical,Azure ARM API list apps per plan; Monitor for request count.,,,No,Yes – Azure Advisor,No,No,Yes,Yes,Yes,Yes,Partial,Yes,100%,High,Low,Azure-specific.,,,
R011,Abandoned PaaS Workloads,cost_saving,Compute,PaaS Service,AWS Lambda (idle); Azure App Service (idle); Azure Functions; GCP Cloud Functions,Identify PaaS resources with zero or negligible invocations/requests for 14+ days.,Prevents paying for idle PaaS capacity. Cost = full plan/provisioned cost when idle.,Invocation count or request count = 0 for 14 days. Use CSP usage/metrics APIs.,Practical,CSP-native metrics for invocations and request count available natively.,,,Yes,Yes,Yes,Yes,Yes – native (Cloud Functions metrics),No – OCI limited PaaS,Yes,Yes,Yes,Yes,Yes,Yes,Variable (100% idle),High,Medium,Broader category; use per-service rules. High value when found.,
R012,Lambda / Cloud Functions Right-Sizing,cost_saving,Compute,Serverless,AWS Lambda; GCP Cloud Functions; Azure Functions,Right-size serverless function memory allocation. Over-allocated memory increases cost per invocation. Also flag over-provisioned concurrency.,10-50% reduction in Lambda cost. Memory is the primary billing lever.,Memory usage < 50% of allocated for 7 days AND P99 duration not hitting timeout. Also: provisioned concurrency used < 60%.,Practical,AWS Lambda Cloudwatch metrics (Duration; MemorySize; ConcurrentExecutions) native. GCP/Azure similar.,,,Yes,Yes – Functions Insights,Yes – GCP Monitoring native,No – OCI Functions limited,Yes,Yes,Yes,Yes,Yes,Yes,10-50%,High,Medium,AWS Lambda-native metrics. Strong value.,,https://docs.aws.amazon.com/lambda/latest/dg/monitoring-metrics.html,
R013,ECS Fargate Task Right-Sizing,cost_saving,Container,Container,AWS ECS Fargate; AWS ECS on EC2,Right-size Fargate task CPU and memory definitions based on actual container resource usage.,Fargate is billed by vCPU and memory. Over-definition wastes directly.,`Used vCPU < 50% of defined AND used memory < 60% of defined` for 7 days. Container Insights required.,Practical,Requires AWS CloudWatch Container Insights enabled (agent in task definition).,,,Yes – Container Insights,No,No,No,Yes,Yes,Yes,Yes,Yes,Yes,10-30%,High,Medium,Requires Container Insights. Worth the agent investment.,Container Insights must be enabled per cluster.,https://docs.aws.amazon.com/AmazonCloudWatch/latest/monitoring/ContainerInsights.html,
R014,Kubernetes Pod / Container Rightsizing,cost_saving,Container,Container,Kubernetes (EKS; AKS; GKE); any K8s cluster,Right-size Kubernetes pod CPU and memory requests/limits based on actual consumption. Reduce cluster cost by allowing better bin-packing.,10-30% cluster cost reduction. Over-requested resources block scheduling of other pods; wasted node capacity.,`Avg CPU request usage < 50% of request setting` for 7 days OR memory usage < 60% of limit for 7 days. K8s Metrics Server required.,Practical,Kubernetes Metrics Server (must be deployed; not default). Alternatively: Prometheus; CloudWatch Container Insights; Azure Monitor for Containers; GCP Monitoring.,,,Yes – EKS (Metrics Server or Container Insights),Yes – AKS (Azure Monitor for Containers),Yes – GKE (GKE Monitoring; Metrics Server),Partial – OCI OKE,Yes,Yes,Yes,Yes,Yes,Yes,10-30%,High,Medium,Strong opportunity. Metrics Server / Prometheus needed.,Requires Kubernetes Metrics Server or equivalent agent.,,
R015,Kubernetes Node Pool / Cluster Right-Sizing,cost_saving,Container,Cluster,Kubernetes Node Pools (EKS node groups; AKS node pools; GKE node pools),Right-size node pool instance type or min/max node count when cluster capacity significantly exceeds workload demand.,10-25% cluster cost. Over-sized node pools increase base cost for every workload on the cluster.,Node-level: `allocatable CPU used < 60%` across node pool for 7 days. Cluster Autoscaler logs show 0 scale-out events.,Practical,Kubernetes API (node resource usage). Metrics Server or Cluster Autoscaler logs. Cluster API (DescribeNodeGroup / ListNodePools).,,,Yes – EKS + CloudWatch Container Insights,Yes – AKS + Azure Monitor,Yes – GKE Monitoring,Partial,Yes,Yes,Yes,Yes,Yes,Yes,10-25%,High,High,Complex; architecture impact. High value for large clusters.,Node pool changes require managed node group update or cluster modification.,,
R016,Idle / Orphaned Kubernetes Cluster,cost_saving,Container,Cluster,GKE; AKS; EKS; OKE,Stop or delete Kubernetes clusters with no running workloads for 7+ days.,100% of cluster control plane and node cost.,No pods running (except system) for 7+ days. Cluster API shows 0 user workloads.,Practical,Kubernetes API (pod list). CSP cluster list API. GKE has native idle recommender.,,,Yes – EKS (via CloudWatch + K8s API),Yes – AKS (via Azure Monitor + K8s API),Yes – GKE Idle Cluster Recommender (native),Partial – OCI OKE,Yes,Yes,Yes,Yes,Yes,Yes,High,High,Medium,GKE has native recommendation. Others require K8s API check.,,,
R017,AWS SageMaker Savings Plan,cost_saving,Compute,ML/AI,AWS SageMaker (Training; Hosting; Processing),Purchase SageMaker Savings Plans for consistent ML training and inference workloads.,30-50% vs on-demand SageMaker spend.,On-demand SageMaker spend > $500/month for 30 days. Use Cost Explorer SageMaker SP recommendation API.,Practical,AWS Cost Explorer API provides SageMaker SP recommendations natively.,,,Yes – Cost Explorer SP API,No,No,No,Yes,Yes,Yes,Partial,Partial,Yes,30-50%,Medium,Medium,AWS-specific. High value when ML workloads are large.,,,
R018,Orphaned / Unattached Disk,cost_saving,Storage,Disk,AWS EBS; Azure Managed Disk; GCP Persistent Disk; OCI Block Volume,Disks not attached to any running VM for 30+ days. No data I/O. Recommend snapshot + delete.,5-15% of total storage bill. Accumulates silently. Very common in scale-out environments.,`State = unattached AND age > 30 days`. Use CSP disk list API.,Practical,Native CSP Inventory / Compute APIs return attachment status and creation date. No agent.,,,Yes – EC2 DescribeVolumes (state=available),Yes – Azure Managed Disks API (diskState=Unattached),Yes – GCP Compute Disks API (status=READY; no user),Yes – OCI ListVolumes (lifecycleState=AVAILABLE; no attachment),Yes,Yes,Yes,Yes,Yes,Yes,5-15% storage,Top,Low,Quick win. High precision. No false positives.,Save a snapshot before recommending deletion.,,
R019,Orphaned OCI Boot Volume,cost_saving,Storage,Disk,OCI Boot Volume,OCI boot volumes detached from instances and not reattached for 30+ days.,Same as R018 for OCI; OCI keeps boot volumes after instance termination by default.,OCI ListBootVolumes API: lifecycle=AVAILABLE with no attachment. 30+ days.,Practical,OCI ListBootVolumes + ListBootVolumeAttachments API.,,,No,No,No,Yes – OCI Boot Volume API,Yes,Yes,Yes,Partial,Partial,Yes,5-15%,High,Low,OCI-specific. Very common post instance termination.,,,
R020,EBS Volume Type Optimization,cost_saving,Storage,Disk,AWS EBS (gp2 → gp3; io1/io2 over-provisioned IOPS),Migrate gp2 volumes to gp3 (20% cheaper; better baseline performance). Flag io1/io2 volumes where provisioned IOPS > 3x actual IOPS usage.,gp2 → gp3 migration is free and saves ~20% for most volumes. io1/io2 IOPS reduction saves proportionally.,Trigger: volume type = gp2 (always eligible for gp3 review). For io1/io2: provisioned IOPS > 3x avg actual IOPS for 30 days.,Practical,AWS EC2 DescribeVolumes API (type; size; IOPS). CloudWatch VolumeReadOps/VolumeWriteOps for actual IOPS (no agent needed).,,,Yes – EC2 DescribeVolumes + CloudWatch,No,No,No,Yes,Yes,Yes,Yes,Partial,Yes,10-20%,High,Low,AWS-specific. gp2→gp3 is a no-brainer; low risk.,All gp2 volumes should be flagged for review; gp3 migration is reversible.,https://docs.aws.amazon.com/AWSEC2/latest/UserGuide/ebs-volume-types.html,
R021,Old Snapshots and Custom Images,cost_saving,Storage,Snapshots & Images,AWS Snapshots/AMIs; Azure Snapshots/Images; GCP Disk Snapshots/Images; OCI Boot/Block Volume Snapshots,Snapshots or machine images older than retention policy with no active dependency (no AMI-backed instance; no restore in 90 days).,5-20% of storage bill. Snapshots are incremental but old generation chains are costly.,`Age > 90 days AND no dependency`. Check if AMI is registered from snapshot before deleting. Use CSP snapshot list APIs.,Practical,Native snapshot list APIs on all CSPs return creation date and size. Dependency check via AMI → Snapshot mapping (AWS) or disk snapshot usage (Azure/GCP).,,,Yes – EC2 DescribeSnapshots + DescribeImages,Yes – Azure Disk Snapshots API,Yes – GCP Compute Images/Snapshots API,Yes – OCI ListVolumeBackups,Yes,Yes,Yes,Yes,Yes,Yes,5-20% storage,High,Medium,Dependency check is the key engineering challenge. Build carefully.,Dependency check critical to avoid breaking AMIs or restore points.,,
R022,Object Storage Lifecycle / Tiering,cost_saving,Storage,Object Storage,AWS S3 (IA/Glacier/Deep Archive); Azure Blob (Cool/Archive); GCP Cloud Storage (Nearline/Coldline/Archive); OCI Object Storage (Infrequent Access/Archive),Move objects not accessed for 30+ days to cheaper storage tiers. Apply lifecycle rules for automatic tiering.,20-60% of object storage cost. Very impactful as S3/Blob often grows unbounded.,Objects with no GET request in 30+ days eligible for Infrequent Access tier. 60+ days: Glacier/Archive. Use S3 Storage Lens / Azure Storage metrics / GCP Storage Insights.,Practical,AWS S3 Storage Lens (API; no agent). Azure Blob Storage Insights (Monitor API). GCP Storage Access Logs or Object Lifecycle Policies API. OCI Object Storage Lifecycle API.,,,Yes – S3 Storage Lens + Lifecycle API,Yes – Azure Storage Analytics + Lifecycle Management API,Yes – GCP Cloud Storage Insights + Object Lifecycle API,Yes – OCI Object Lifecycle Management API,Yes,Yes,Yes,Yes,Yes,Yes,20-60%,High,Medium,High impact. Lifecycle rules are self-executing once configured.,AWS S3 Intelligent-Tiering (R069) handles unknown access patterns automatically.,,
R023,OCI Object Storage Lifecycle Management,cost_saving,Storage,Object Storage,OCI Object Storage (Standard → Infrequent Access → Archive tiers),Enable or configure OCI Object Storage lifecycle policies to auto-transition older objects to cheaper tiers.,Same as R022 for OCI; OCI-specific configuration required.,OCI Object Lifecycle Policy not configured or objects > 30 days with no access. OCI Object Storage API.,Practical,OCI Object Storage ListObjects + lifecycle policy check API.,,,No,No,No,Yes – OCI Object Storage API,Yes,Yes,Yes,Partial,Partial,Yes,20-50%,High,Medium,OCI-specific variant of R022.,,,
R024,GCP Cloud Storage Soft Delete Tuning,cost_saving,Storage,Object Storage,GCP Cloud Storage buckets,GCP charges for soft-deleted objects retained beyond the soft delete retention window. Tune or disable when recovery SLA allows.,Reduces storage cost for high-churn buckets. Highly variable depending on deletion rate.,`Soft delete retention bytes > X% of bucket size`. Review soft delete period vs recovery need.,Practical,GCP Cloud Storage API returns bucket-level soft delete config and metrics.,,,No,No,Yes – GCP Cloud Storage API,No,Yes,Yes,Yes,Partial,Partial,Yes,Variable,Medium,Low,GCP-specific. Low complexity; check retention policy.,,,
R025,Orphaned Network Interface (NIC / ENI),cost_saving,Network,NIC,AWS Elastic Network Interface (ENI); Azure NIC,Unused network interfaces not attached to any running instance. Low per-unit cost but accumulates.,Low $ per NIC but contributes to governance debt and occasional hidden costs.,State = available / detached for 7+ days. AWS DescribeNetworkInterfaces; Azure NIC list API.,Practical,Native CSP inventory APIs. No agent. Fast API call.,,,Yes – EC2 DescribeNetworkInterfaces (status=available),Yes – Azure Network Interfaces API (virtualMachine=null),Partial – GCP vNICs bound to VM; not separately listed,Partial – OCI VNIC list,Yes,Yes,Yes,Partial,Partial,Yes,Low,Medium,Low,Low priority. Useful for governance dashboards.,,,
R026,Unused / Orphaned Public IP,cost_saving,Network,IP,AWS Elastic IP; Azure Public IP; GCP External IP; OCI Reserved IP,Static/reserved public IP addresses not associated with any running resource.,AWS charges $0.005/hr per idle EIP. Azure charges for unassociated public IPs. GCP similar. Adds up at scale.,`State = unassociated` (AWS) or `associatedWith = null` (Azure). Use inventory APIs.,Practical,Native CSP IP list APIs return association status. No agent.,,,Yes – EC2 DescribeAddresses (allocationId; no association),Yes – Azure Public IP Addresses API (ipConfiguration=null),Yes – GCP Compute Addresses API (status=RESERVED; no user),Yes – OCI ListPublicIps (lifecycleState=AVAILABLE; no assignment),Yes,Yes,Yes,Yes,Yes,Yes,Low-Medium,Medium,Low,Quick win. Clear signal. Near-zero false positives.,,,
R027,Load Balancer Right-Sizing,cost_saving,Network,Load Balancer,AWS ALB; AWS NLB; Azure Load Balancer; Azure Application Gateway; OCI Load Balancer,Downsize or delete underutilized load balancers. Low throughput / connection count vs fixed hourly cost.,LBs have fixed hourly cost + LCUs. If throughput < 20% of capacity for 30 days savings can be 30-50%.,`Active connections < threshold AND LCU consumption < 20% of capacity` for 30 days.,Practical,CloudWatch ALB metrics (ActiveConnectionCount; RequestCount; ProcessedBytes) native. Azure Monitor LB metrics native. OCI Cloud Advisor LB recommendation.,,,Yes – CloudWatch AWS/ApplicationELB and AWS/NetworkELB metrics,Yes – Azure Monitor Load Balancer metrics,Partial – GCP Cloud Monitoring (Forwarding Rule metrics),Yes – OCI Cloud Advisor Load Balancer recommendation,Yes,Yes,Yes,Yes,Partial,Yes,10-30%,Medium,Medium,Fixed cost resource; strong when genuinely underused.,,,
R028,Azure Front Door / Application Gateway Cost Optimization,cost_saving,Network,Application Gateway,Azure Front Door Classic; Azure Front Door Standard/Premium; Azure Application Gateway,Migrate Front Door Classic to Standard/Premium to avoid per-routing-rule charges. Disable health probes when only one origin exists.,Routing rule and domain charges add up. Unnecessary health probes add cost and latency.,Azure Advisor recommendation. Single origin detected = disable probe. Front Door Classic with >5 rules = migrate.,Practical,Azure Advisor API returns these recommendations natively.,,,No,Yes – Azure Advisor API,No,No,Yes,Yes,Yes,Yes,Partial,Yes,Variable,Medium,Low,Azure-specific. Azure Advisor surfaces these.,,https://learn.microsoft.com/en-us/azure/advisor/advisor-reference-cost-recommendations,
R029,NAT Gateway / Egress Optimization (AWS),cost_saving,Network,NAT,AWS NAT Gateway; AWS VPC Endpoints,Reduce AWS NAT Gateway data processing cost: use VPC Endpoints for S3/DynamoDB (free); consolidate AZs where HA not needed.,NAT Gateway costs $0.045/GB processed. Can be 5-20% of network bill for data-heavy workloads.,NAT processed bytes > threshold AND same-region S3/DynamoDB traffic detected. Use CloudWatch NATGateway metrics.,Practical,CloudWatch AWS/NATGateway (BytesInFromSource; BytesOutToDestination) native.,,,Yes – CloudWatch NATGateway metrics,No,No,No,Yes,Yes,Yes,Partial,Partial,Yes,5-20% network,Medium,Medium,AWS-specific. Architecture change required for VPC endpoints.,,,
R030,Idle Database Instance (RDS / Azure SQL / Cloud SQL / OCI DB),cost_saving,Database,Database,AWS RDS; Azure SQL Database; Azure SQL MI; GCP Cloud SQL; OCI Autonomous DB; OCI Base DB,Identify database instances with negligible connections / CPU / I/O over 14+ days. Recommend stop or delete.,DB spend is often 20-40% of total cloud bill. Idle DBs are completely wasted. Full cost recovered.,`CPU < 5% AND connections < 2 AND IOPS < threshold` for 14 days.,Practical,Native CSP DB metrics APIs: CloudWatch RDS; Azure Monitor SQL; GCP Cloud SQL Monitoring; OCI Monitoring.,,,Yes – CloudWatch AWS/RDS metrics (DatabaseConnections; CPUUtilization),Yes – Azure Monitor SQL Database metrics,Yes – GCP Cloud SQL Monitoring (Queries per second; CPU),Yes – OCI Monitoring DB metrics,Yes,Yes,Yes,Yes,Yes,Yes,20-40% DB,Top,Medium,High $ impact. DB metrics available natively on all CSPs.,,,
R031,Database Instance Rightsizing (RDS / Azure SQL / Cloud SQL),cost_saving,Database,Database,AWS RDS (all engines); Azure SQL Database (DTU/vCore); Azure SQL MI; GCP Cloud SQL,Downsize over-provisioned DB instance to smaller tier or instance type while maintaining performance headroom.,20-40% DB cost reduction. Common after initial over-provisioning.,`Avg CPU < 30% AND memory < 50% of limit` for 14 days. Compare to next smaller tier costs.,Practical,CloudWatch RDS CPUUtilization + FreeableMemory (native; no agent). Azure Monitor SQL. GCP Cloud SQL metrics.,,,Yes – CloudWatch AWS/RDS,Yes – Azure Monitor SQL,Yes – Cloud SQL Monitoring API,Yes – OCI Monitoring,Yes,Yes,Yes,Yes,Yes,Yes,20-40%,Top,Medium,Strong value. Requires DB metric analysis.,,,
R032,Reserved Instances for AWS Database Services,cost_saving,Database,Commitment Discounts,AWS RDS; AWS ElastiCache; AWS Redshift; AWS OpenSearch; AWS MemoryDB,Purchase 1 or 3-year reserved capacity for AWS managed DB services running consistently.,Up to 75% savings vs on-demand. DB services are often the least commitment-optimized.,`On-demand usage > 500 hrs/month` for eligible service. Cost Explorer RI recommendation API.,Practical,AWS Cost Explorer GetReservationRecommendations API (service-level filtering).,,,Yes – Cost Explorer RI Recommendations API,No,No,No,Yes,Yes,Yes,Yes,Partial,Yes,30-75%,Top,Medium,AWS-specific. High value.,,https://docs.aws.amazon.com/cost-management/latest/userguide/ri-recommendations.html,
R033,DynamoDB Reserved Capacity,cost_saving,Database,NoSQL,AWS DynamoDB,Purchase reserved read/write capacity units for DynamoDB tables with predictable access patterns.,30-60% vs on-demand capacity. Tables with steady read/write patterns are ideal candidates.,On-demand WCU/RCU > threshold for 30 days consistently. Cost Explorer DynamoDB RI API.,Practical,AWS Cost Explorer + CloudWatch DynamoDB metrics.,,,Yes – Cost Explorer + CloudWatch AWS/DynamoDB,No,No,No,Yes,Yes,Yes,Partial,Partial,Yes,30-60%,High,Medium,AWS-specific.,,,
R034,Azure Cosmos DB Autoscale Enablement,cost_saving,Database,NoSQL,Azure Cosmos DB (SQL; MongoDB; Cassette APIs),Enable Cosmos DB autoscale to automatically scale down provisioned RU/s during off-peak. Reduces waste without manual management.,Can halve Cosmos DB cost for bursty or variable workloads. Fixed provisioned RU/s wastes money when idle.,`Max RU/s used < 30% of provisioned for 7 days`. Azure Monitor Cosmos DB metrics.,Practical,Azure Monitor Cosmos DB metrics (ProvisionedThroughput; NormalizedRUConsumption) native.,,,No,Yes – Azure Monitor Cosmos DB metrics + Advisor,No,No,Yes,Yes,Yes,Yes,Partial,Yes,Variable,High,Low,Azure-specific. Easy win.,,https://learn.microsoft.com/en-us/azure/cosmos-db/,
R035,Azure Cosmos DB Free Tier Review,cost_saving,Database,NoSQL,Azure Cosmos DB,Flag Cosmos DB accounts exceeding the 1000 RU/s free tier threshold unexpectedly.,Prevents surprise charges above the free tier. Low complexity check.,RU/s consumption API > 1000 for sustained period.,Practical,Azure Monitor Cosmos DB metrics.,,,No,Yes – Azure Monitor,No,No,Yes,Yes,Yes,Partial,Partial,Yes,Variable,Medium,Low,Azure-specific.,,,
R036,GCP Cloud SQL Idle Instance,cost_saving,Database,Database,GCP Cloud SQL (MySQL; PostgreSQL; SQL Server),Stop or delete GCP Cloud SQL instances with no connections / queries for 7+ days.,100% of Cloud SQL instance cost recovered when stopped.,Queries per second = 0 for 7 days. Cloud SQL Recommender API surfaces this natively.,Practical,GCP Recommender API (Cloud SQL idle recommender) + Cloud SQL Monitoring.,,,No,No,Yes – GCP Cloud SQL Idle Recommender API,No,Yes,Yes,Yes,Partial,Partial,Yes,High,High,Low,GCP-specific. Native recommender available.,,https://cloud.google.com/sql/docs/postgres/recommender,
R037,GCP Cloud SQL Overprovisioned Instance,cost_saving,Database,Database,GCP Cloud SQL,Resize overprovisioned Cloud SQL instance to smaller machine type based on CPU/memory usage.,20-40% DB cost reduction for overprovisioned instances.,Avg CPU < 30% for 14 days. Cloud SQL Overprovisioned Recommender API.,Practical,GCP Cloud SQL Overprovisioned Recommender API.,,,No,No,Yes – GCP Cloud SQL Recommender API,No,Yes,Yes,Yes,Partial,Partial,Yes,20-40%,High,Medium,GCP-specific.,,,
R038,OCI Autonomous Database / Exadata Downsize,cost_saving,Database,Database,OCI Autonomous Data Warehouse (ADW); OCI Autonomous Transaction Processing (ATP); OCI Exadata Cloud@Customer,Downsize underutilized OCI Autonomous Database or Exadata VM cluster based on CPU/storage usage.,30-50% DB savings. OCI ADW/ATP is OCPU-based; reducing OCPUs directly reduces cost.,`CPU utilization < 30%` for 14 days. OCI Cloud Advisor DB recommendations.,Practical,OCI Cloud Advisor API + OCI Monitoring DB metrics.,,,No,No,No,Yes – OCI Cloud Advisor DB Recommendation,Yes,Yes,Yes,Partial,Partial,Yes,30-50%,Top,Medium,OCI-specific.,,https://docs.oracle.com/en-us/iaas/Content/CloudAdvisor/Concepts/recommendations.htm,
R039,OCI Base Database System Downsize,cost_saving,Database,Database,OCI Base Database Service (DBCS),Downsize underutilized OCI Base Database (DBCS) system to smaller shape or storage.,Reduce DBCS spend. DBCS is billed by shape and storage.,CPU and storage utilization vs provisioned. OCI Cloud Advisor.,Practical,OCI Cloud Advisor API + OCI Monitoring.,,,No,No,No,Yes – OCI Cloud Advisor,Yes,Yes,Yes,Partial,Partial,Yes,20-40%,High,Medium,OCI-specific.,,,
R040,OCI Enable Database Management Service,cost_saving,Database,Database,OCI Database Management Service,Detect OCI databases with Database Management Service disabled. Enabling it unlocks deeper optimization recommendations.,Indirect saving: enables access to performance hub and rightsizing insights. Pre-requisite for deeper OCI DB advisories.,OCI ListManagedDatabases: databases without management enabled.,Practical,OCI Database Management API.,,,No,No,No,Yes – OCI Database Management API,Yes,Partial,Partial,No,No,Partial,Indirect,Medium,Low,Enablement recommendation. Flag as pre-requisite for R038/R039.,,,
R041,GCP BigQuery Slot Commitment,cost_saving,Data Analytics,Data Warehouse,GCP BigQuery Editions (Standard; Enterprise; Enterprise Plus),Purchase BigQuery slot commitments for predictable query workloads instead of on-demand slot pricing.,30-50% reduction vs on-demand slot pricing for teams with consistent query loads.,On-demand slot usage > baseline for 30 days consistently. GCP BigQuery Edition Slot Recommender API.,Practical,GCP Recommender API (BigQuery slot recommender) + BigQuery jobs API.,,,No,No,Yes – BigQuery Edition Slot Recommender API,No,Yes,Yes,Yes,Partial,Partial,Yes,30-50%,High,Medium,GCP-specific.,,https://cloud.google.com/bigquery/docs/billing/optimizing-billing,
R042,GCP BigQuery Table Partitioning and Clustering,cost_saving,Data Analytics,Data Warehouse,GCP BigQuery tables,Recommend partitioning and clustering for large BigQuery tables that are queried without filter pushdown. Reduces bytes scanned per query.,10-40% query cost reduction. BigQuery charges per TB scanned.,Table > 1 GB with full scans > 50% of queries detected. GCP BigQuery Recommender API.,Practical,GCP Recommender API (BigQuery table optimization) + BigQuery INFORMATION_SCHEMA.,,,No,No,Yes – BigQuery Recommender API,No,Yes,Yes,Yes,Partial,Partial,Yes,10-40%,High,Medium,GCP BigQuery specific. Engineering change required.,,,
R043,Idle Data Warehouse Cluster,cost_saving,Data Analytics,Data Warehouse,AWS Redshift; Azure Synapse Analytics; Snowflake on cloud,Identify idle or severely underutilized data warehouse clusters that could be paused or deleted.,DW clusters are expensive. 100% savings when paused. Variable when downsized.,`CPU < 5% AND queries = 0` for 7 days. Cluster-level metrics.,Practical,CloudWatch Redshift metrics (DatabaseConnections; CPUUtilization) native. Azure Monitor Synapse metrics. Snowflake requires Snowflake-level query to ACCOUNT_USAGE views.,,,Yes – CloudWatch AWS/Redshift,Yes – Azure Monitor Synapse,Partial – Snowflake (requires ACCOUNT_USAGE query; not native CSP API),No,Yes,Yes,Yes,Yes,Partial,Yes,Variable,High,Medium,Architecture review needed for Snowflake.,Snowflake on GCP/Azure/AWS requires Snowflake ACCOUNT_USAGE.WAREHOUSE_METERING_HISTORY query.,,
R044,GCP Cloud Run CPU Allocation Optimization,cost_saving,Compute,Serverless,GCP Cloud Run,GCP: Recommend switching Cloud Run service CPU allocation (always-on vs request-based) based on invocation frequency and cold start cost.,Optimize CPU model. Always-on is better for high-frequency services; request-only for infrequent.,Invocation rate and CPU usage pattern. GCP Cloud Run Recommender API.,Practical,GCP Recommender API (Cloud Run) + GCP Cloud Monitoring (CloudRun metrics) native.,,,No,No,Yes – GCP Cloud Run Recommender API,No,Yes,Yes,Yes,Partial,Partial,Yes,Variable,Medium,Low,GCP-specific.,,,
R045,Azure Hybrid Benefit (License Optimization),cost_saving,Compute,Virtual Machine,Azure VM (Windows Server); Azure SQL Database; Azure SQL MI; Azure Dedicated Host,Apply Azure Hybrid Benefit using existing on-premises Windows Server or SQL Server licenses to reduce Azure VM and SQL Database costs.,Up to 40% savings on eligible resources. License-Included pricing removed.,Eligible VMs/SQL identified. Check if AHB flag enabled via Azure Resource Manager API.,Practical,Azure Resource Manager API returns HybernateEnabled / licenseType property. Azure Advisor surfaces these.,,,No,Yes – Azure Advisor (Hybrid Benefit recommendation),No,No,Yes,Yes,Yes,Yes,Partial,Yes,Up to 40%,High,Low,High value for customers with MSFT enterprise agreements.,,,
R046,Spot / Preemptible / Low-Priority Instances,cost_saving,Compute,Virtual Machine,AWS Spot Instances; GCP Spot VMs (Preemptible); Azure Spot VMs; Azure Low-Priority (Batch),Recommend Spot/Preemptible instances for fault-tolerant workloads (batch; CI/CD; ML training; rendering).,50-90% discount vs on-demand. Massive cost reduction for interruption-tolerant workloads.,Current on-demand workloads with workload type = batch / CI / non-critical identified via tag or pattern.,Practical,No special API needed. Instance inventory (type) from EC2 DescribeInstances. Tags or workload classification needed.,,,Yes,Yes,Yes,No,Yes,Yes,Yes,Yes,Yes,Yes,50-90%,High,Medium,Tolerance for interruption required. Needs workload classification.,,,
R047,Azure Data Explorer (ADX) Optimization,cost_saving,Data Analytics,Data Warehouse,Azure Data Explorer (ADX),Right-size or scale down underutilized Azure Data Explorer cluster. ADX charges by cluster size continuously.,ADX is billed by cluster instance count × tier. Downsize = direct proportional saving.,`CPU < 30% AND ingestion < threshold` for 7 days. Azure Monitor ADX metrics.,Practical,Azure Monitor ADX metrics (CPU; Ingestion latency) native.,,,No,Yes – Azure Advisor + Azure Monitor ADX,No,No,Yes,Yes,Yes,Partial,Partial,Yes,Variable,Medium,Medium,Azure-specific.,,,
R048,OCI Enable Compute Monitoring,cost_saving,Compute,Virtual Machine,OCI Compute Instances,Flag OCI Compute instances without monitoring enabled. Without monitoring no rightsizing or idle recommendations can be generated.,Indirect. Enables R001 and R002 for OCI instances.,OCI ListInstances: instances without monitoring plugin enabled.,Practical,OCI Instance Agent Monitoring API.,,,No,No,No,Yes – OCI Instance Agent API,Yes,Partial,Partial,No,No,Partial,Indirect,Medium,Low,Pre-requisite for OCI rightsizing advisories. Flag as enablement.,,,
R049,Tag Compliance and Cost Allocation Gaps,cost_saving,Governance,Tagging,All cloud resources (AWS; Azure; GCP; OCI),Report resources missing required tags (e.g. team; project; cost-center; environment). Enables accurate showback / chargeback and supports resource cleanup.,Indirect: enables cost allocation. Direct: untagged resources often also orphaned.,`Required tag(s) missing` on resource. % cost unallocated.,Practical,Native CSP resource tagging APIs: AWS Resource Groups Tagging API; Azure Resource Graph; GCP Asset Inventory; OCI Tag Namespaces.,,,Yes – AWS Resource Groups Tagging API,Yes – Azure Resource Graph,Yes – GCP Asset Inventory API,Yes – OCI Tag Namespace + Resource Search,Yes,Yes,Yes,Yes,Partial,Yes,Indirect,High,Medium,FinOps Inform phase foundational. Enables all chargeback.,,,
R050,Cost Anomaly Detection and Alerting,cost_saving,Governance,Monitoring,AWS Cost Anomaly Detection; Azure Cost Management Alerts; GCP Budget Anomaly Detection,Detect statistically significant cost spikes vs historical baseline. Alert before over-spend compounds.,Early detection can prevent 10-100% overspend incidents. No direct saving but major risk reduction.,Spend > 2σ above rolling 7-day baseline. ML-based or threshold-based.,Practical,AWS Cost Anomaly Detection (native API). Azure Cost Management + Budgets API. GCP Billing Budget API.,,,Yes – AWS Cost Anomaly Detection API,Yes – Azure Cost Management Alerts API,Yes – GCP Budget Anomaly Detection API,Partial,Yes,Yes,Yes,Yes,Yes,Yes,Variable (risk reduction),High,Low,Fast win. Use CSP-native anomaly detection. SaaS adds ML sophistication.,,,
R051,Oracle SGA Sizing Optimization,performance,Database,Database,Oracle Database (on OCI; AWS RDS Oracle; Azure Database Oracle),Oracle SGA (System Global Area) undersized relative to SGA_MAX_SIZE. Extend to reduce disk I/O and improve cache hit rate.,Improves DB throughput; reduces physical reads; defers need to scale to larger instance.,SGA_TARGET < SGA_MAX_SIZE AND cache hit ratio below threshold (e.g. < 90%).,Specialized,Requires Oracle AWR/ADDM data or Oracle Enterprise Manager metrics. Not available via native CSP APIs. Needs DB-level observability agent (OEM; Oracle Management Cloud; or custom AWR query).,Efficiency,SGA utilization %; cache hit ratio improvement %; deferred scale-up; incident reduction.,No,No,No,Partial – OCI Database Management,Yes,Partial,Partial,No,No,Partial,,Medium,High,Oracle-specific. Requires DB observability agent or AWR access.,Metrics not available via CSP native APIs. Requires Oracle EM or custom AWR query.,,
R052,Oracle DBA Cache / Buffer Pool Sizing,performance,Database,Database,Oracle Database,Buffer cache undersized. DB_CACHE_SIZE below optimal relative to DB_CACHE_ADVICE output.,Improves buffer cache hit ratio; reduces physical reads; improves query performance.,DB cache hit ratio < 90% AND DB_CACHE_ADVICE shows benefit from increase.,Specialized,Requires Oracle AWR data or DB-level observability agent.,Efficiency,Cache hit ratio %; physical reads reduction %; deferred scale-up.,No,No,No,Partial,Yes,Partial,Partial,No,No,Partial,,Medium,High,Oracle-specific. AWR data required.,Requires DB-level observability (Oracle EM; AWR query).,,
R053,Oracle High Logical Reads,performance,Database,Database,Oracle Database,Detect unusually high logical reads per transaction. Indicates poorly optimized SQL or missing indexes.,High logical reads → high CPU → instance scale-up avoidable with SQL optimization.,Logical reads (Redo per second in AWR Load Profile) > threshold for N consecutive AWR snapshots.,Specialized,Oracle AWR Load Profile data. Not available via native CSP metrics. Requires DB-level agent or AWR export.,Both,CPU reduction %; logical IO reduction; deferred rightsizing; incident reduction.,No,No,No,Partial,Yes,Partial,Partial,No,No,Partial,,Medium,High,Oracle-specific.,AWR/ADDM access required.,,
R054,Oracle Instance Efficiency Metrics,performance,Database,Database,Oracle Database,Oracle instance efficiency metrics (Buffer Nowait; Redo Nowait; Library Cache Hit; Dictionary Cache Hit; Soft Parse) below optimal thresholds.,Poor efficiency → heavy latch contention → performance degradation → over-provisioning.,Buffer Nowait < 99% OR Library Hit < 99% OR Soft Parse < 95% in AWR snapshot.,Specialized,Oracle AWR Instance Efficiency section. Not available via CSP native APIs.,Efficiency,Efficiency % improvement; latch contention reduction; deferred scale-up.,No,No,No,Partial,Yes,Partial,Partial,No,No,Partial,,Medium,High,Oracle-specific.,Requires Oracle AWR or Enterprise Manager.,,
R055,Oracle High Physical Reads,performance,Database,Database,Oracle Database,High physical reads per second indicate buffer cache miss. May indicate undersized SGA or inefficient SQL.,Reducing physical reads reduces storage IOPS cost (especially on io1/io2) and improves latency.,Physical reads per second > threshold in AWR Load Profile for N snapshots.,Specialized,Oracle AWR Load Profile. DB-level observability agent required. Not native CSP metric.,Both,Physical IO reduction %; IOPS cost reduction; deferred instance resize.,No,No,No,Partial,Yes,Partial,Partial,No,No,Partial,,Medium,High,Oracle-specific. Reduces IO cost directly.,Also reduces EBS/OCI Block Storage IOPS cost.,,
R056,Oracle Shared Pool and Parse Optimization,performance,Database,Database,Oracle Database,High hard parse ratio or undersized shared pool. Hard parses are CPU-intensive and indicate missing bind variables or undersized shared pool.,Reducing hard parses frees CPU headroom; may avoid scale-up.,Hard Parses / Parses > 10% in AWR Load Profile.,Specialized,Oracle AWR Parse statistics. DB-level observability required.,Efficiency,Hard parse ratio reduction %; CPU freed %; deferred scale-up.,No,No,No,Partial,Yes,Partial,Partial,No,No,Partial,,Medium,High,Oracle-specific.,Requires AWR access or Oracle EM agent.,,
R057,Managed MySQL / MariaDB / PostgreSQL Rightsizing,cost_saving,Database,Database,AWS RDS (MySQL; MariaDB; PostgreSQL); Azure Database for MySQL; Azure Database for MariaDB; Azure Database for PostgreSQL; GCP Cloud SQL,Right-size underutilized managed open-source database instances. Often over-provisioned at initial setup.,20-40% DB spend reduction. Commonly over-provisioned.,`CPU < 30%` and FreeableMemory high for 14 days. Same rule as R031 but scoped to these engines.,Practical,CloudWatch RDS CPUUtilization + FreeableMemory (native). Azure Monitor DB metrics. GCP Cloud SQL Monitoring.,,,Yes – CloudWatch AWS/RDS (engine filter),Yes – Azure Monitor DB metrics (MySQL; PostgreSQL),Yes – GCP Cloud SQL Monitoring,No – use R038/R039,Yes,Yes,Yes,Yes,Partial,Yes,20-40%,High,Medium,Same mechanics as R031. Keep separate for engine-level reporting.,,,
R058,Idle Search Cluster (OpenSearch / Elasticsearch),cost_saving,Database,Search,AWS OpenSearch Service; Azure Elastic on Azure; GCP Elasticsearch (Elastic Cloud on GCP),Downsize or delete idle or severely underutilized search clusters.,Reduce search cluster cost. Fixed hourly charge even when idle.,CPU < 5% AND indexing rate = 0 AND search rate = 0 for 7 days.,Practical,CloudWatch OpenSearch metrics native. Azure Monitor for Elastic native. GCP Monitoring for Elastic.,,,Yes – CloudWatch AWS/ES metrics,Yes – Azure Monitor Elastic metrics,Partial – GCP Elastic via GCP Monitoring or Elastic API,No,Yes,Yes,Yes,Partial,Partial,Yes,Variable,Medium,Medium,Cross-CSP.,,,
R059,Data Transfer / Egress Cost Optimization,cost_saving,Network,Data Transfer,Cross-region / cross-AZ egress; CDN; AWS Data Transfer; Azure Bandwidth; GCP Network Egress,Reduce cross-region and cross-AZ data transfer cost. Use same-region resources; VPC Endpoints; CDN for repeat content; data compression.,Egress is often 5-15% of bill and growing. Architecture change gives sustained savings.,Identify top talkers: cross-region bytes > threshold. Flag resources transferring significant data across regions.,Practical (detection). High complexity (fix).,Requires flow logs or billing analysis to identify egress patterns.,,,Yes,Yes,Yes,Yes,Yes,Yes,Yes,Yes,Partial,Yes,5-15% network,High,High,High impact but architectural change needed.,AWS VPC Flow Logs (not free); Azure NSG Flow Logs; GCP VPC Flow Logs needed for granular analysis.,,
R060,AWS Savings Plan Selection Optimization,cost_saving,Compute,Commitment Discounts,AWS Compute Savings Plans; AWS EC2 Instance Savings Plans,AWS: Recommend the optimal type of Savings Plan (Compute vs EC2 Instance) based on instance family flexibility needs and coverage gap.,Maximize savings rate while retaining flexibility. EC2 Instance SP gives higher discount; Compute SP gives more flexibility.,Coverage gap by instance family. Cost Explorer SP recommendation API.,Practical,AWS Cost Explorer GetSavingsPlansPurchaseRecommendation API.,,,Yes – Cost Explorer API,No,No,No,Yes,Yes,Yes,Yes,Partial,Yes,Variable,High,Medium,AWS-specific. Builds on R005.,,https://docs.aws.amazon.com/cost-management/latest/userguide/sp-recommendations.html,
R061,Unused VPN Gateway,cost_saving,Network,VPN,AWS Site-to-Site VPN; Azure VPN Gateway; GCP Cloud VPN,Delete or downsize idle VPN gateways with no active tunnels / traffic.,Fixed hourly charge. 100% savings when deleted.,`Tunnel state = DOWN` or bytes = 0 for 14 days. VPN metrics APIs.,Practical,CloudWatch VPN TunnelState + TunnelDataIn/Out native. Azure Monitor VPN Gateway metrics. GCP Cloud Monitoring VPN metrics.,,,Yes – CloudWatch AWS/VPN metrics,Yes – Azure Monitor VPN Gateway metrics,Yes – GCP Cloud Monitoring VPN metrics,Partial – OCI VPN metrics,Yes,Yes,Yes,Partial,Partial,Yes,100% when idle,Medium,Low,Clear signal. Easy detection.,,,
R062,Underutilized Direct Connect / ExpressRoute,cost_saving,Network,Dedicated Connection,AWS Direct Connect; Azure ExpressRoute,Review dedicated network connections where actual throughput is well below committed port speed.,High fixed monthly cost for committed bandwidth. Downsizing port speed or releasing saves significantly.,Throughput < 20% of committed capacity for 30 days. Contract review required.,Practical (detection). High complexity (contract change).,CloudWatch DirectConnect ConnectionBpsEgress/Ingress native. Azure Monitor ExpressRoute Circuit metrics native.,,,Yes,Yes,No,No,Yes,Yes,Yes,Partial,Partial,Yes,Variable,Medium,High,Contract change required. Flag for commercial review.,,,
R063,AWS Redshift Pause/Resume for Non-Prod,cost_saving,Data Analytics,Data Warehouse,AWS Redshift (Standard; RA3; DC2),AWS Redshift clusters in dev/test environments can be paused and resumed on schedule. Compute cost stops when paused.,100% compute cost savings during paused hours. Storage cost continues.,No queries for 4+ consecutive hours (off-hours pattern).,Practical,CloudWatch Redshift DatabaseConnections + QueryCount native.,,,Yes – CloudWatch AWS/Redshift,No,No,No,Yes,Yes,Yes,Yes,Partial,Yes,High when paused,High,Low,Easy win for dev/test clusters.,Pausing requires Redshift API call. Resume on query via JDBC/ODBC is supported.,,
R064,Azure SQL Database DTU / vCore Rightsizing,cost_saving,Database,Database,Azure SQL Database (DTU model and vCore model),Right-size Azure SQL Database tier (DTU) or vCore count based on actual CPU/DTU utilization.,Same as R031 for Azure SQL. DTU model customers often over-provisioned on initial setup.,Avg DTU consumption < 30% for 14 days. Azure Monitor SQL DB metrics.,Practical,Azure Monitor SQL Database metrics (cpu_percent; dtu_consumption_percent) native.,,,No,Yes – Azure Monitor SQL DB,No,No,Yes,Yes,Yes,Yes,Partial,Yes,20-40%,High,Medium,Azure SQL-specific.,,,
R065,Overprovisioned Monitoring / Observability,cost_saving,Governance,Monitoring,AWS CloudWatch (custom metrics; dashboards; log retention); Azure Monitor (log retention); GCP Cloud Logging,Reduce monitoring spend: custom metrics exceeding free tier; excessive log retention; unused dashboards.,Often 2-5% of cloud bill for large environments. Trimmable without impacting observability.,Custom metric count; log retention > 90 days; unused dashboards with no views.,Practical,CloudWatch ListMetrics + PutDashboard count native. Azure Log Analytics workspace data volume. GCP Cloud Logging export size.,,,Yes – CloudWatch API,Yes – Azure Monitor API,Yes – GCP Cloud Logging API,No,Yes,Yes,Yes,Partial,Partial,Yes,2-5%,Low,Low,Low priority but easy identification.,,,
R066,AWS Lambda Provisioned Concurrency Right-Sizing,cost_saving,Compute,Serverless,AWS Lambda (Provisioned Concurrency),Reduce provisioned concurrency setting for Lambda when actual concurrent invocations consistently below provisioned level.,Provisioned concurrency billed by the hour regardless of invocations. Direct saving.,Provisioned concurrency > P99 actual concurrent invocations for 7 days.,Practical,CloudWatch Lambda ProvisionedConcurrencyInvocations + ProvisionedConcurrencyUtilization native.,,,Yes – CloudWatch AWS/Lambda,No,No,No,Yes,Yes,Yes,Yes,Partial,Yes,Variable,Medium,Low,AWS Lambda specific.,,,
R067,EC2 Instance Store vs EBS,cost_saving,Storage,Disk,AWS EC2 Instance Store,Architecture note: recommend using instance store (ephemeral) for temp/scratch data instead of EBS volumes to save storage cost for transient data.,Design change; not an automated advisory based on metrics.,Review if EBS volumes used for temp data. Workload-specific; engineering review.,Reference,Not automatable from metrics alone. Requires workload understanding. Best addressed in architecture review or tagging convention.,,,Yes,No,No,No,Yes,Partial,Partial,Partial,No,Partial,Variable,Low,High,Architecture recommendation. Not auto-detectable. Mark as Reference.,Cannot be reliably triggered by metrics alone. Suggest as design guideline.,,
R068,Azure Blob Storage Access Tier Optimization,cost_saving,Storage,Object Storage,Azure Blob Storage (Hot; Cool; Cold; Archive tiers),Move Azure Blob data not accessed in 30+ days to Cool / Cold / Archive tier. Mirrors R022 for Azure Blob specifically.,20-60% cost reduction on eligible blob storage.,Blob age + last access time > 30 days → Cool; > 90 days → Archive. Azure Blob Storage Lifecycle Management.,Practical,Azure Blob Storage Analytics (access log enabled). Last access time tracking (requires enabling via Azure portal or API).,,,No,Yes – Azure Blob Storage Insights + Lifecycle API,No,No,Yes,Yes,Yes,Yes,Yes,Yes,20-60%,High,Low,Last access time tracking must be enabled separately on each storage account.,,,
R069,AWS S3 Intelligent-Tiering Enablement,cost_saving,Storage,Object Storage,AWS S3 (Intelligent-Tiering storage class),Enable S3 Intelligent-Tiering for buckets with unknown or mixed access patterns. S3 auto-moves objects between tiers based on access.,Automatic 40-68% savings on objects not accessed for 30/90 days. No retrieval fee for frequent/infrequent tier.,Bucket has > 128 KB objects AND no lifecycle rule AND mixed access pattern. Use S3 Storage Lens.,Practical,AWS S3 Storage Lens (native; no agent). S3 API GetBucketLifecycleConfiguration.,,,Yes – S3 Storage Lens + GetBucketLifecycle API,No,No,No,Yes,Yes,Yes,Yes,Yes,Yes,Variable,High,Low,Easy to recommend. Single API call to enable.,,,
R070,AWS Unused Elastic IP,cost_saving,Network,IP,AWS Elastic IP (EIP),AWS charges for Elastic IPs not associated with a running instance or in-use network interface. Release to save cost.,Low per-IP cost but accumulates at scale. $0.005/hr per idle EIP.,Association status = unassociated. EC2 DescribeAddresses API.,Practical,AWS EC2 DescribeAddresses API returns association status natively.,,,Yes – EC2 DescribeAddresses API,No,No,No,Yes,Yes,Yes,Yes,Yes,Yes,Low-Medium,Medium,Low,Deduplicate with R026 (broader unused IP advisory). Keep as AWS-specific.,,,
R071,Auto Scaling Group / VMSS Rightsizing,cost_saving,Compute,Virtual Machine,AWS Auto Scaling Groups (EC2); Azure VMSS; GCP Managed Instance Groups (MIG),Reduce min/desired count or instance type for Auto Scaling Groups where baseline utilization is well below minimum.,Overprovisioned min capacity wastes money 24/7. 10-30% compute savings.,`Min capacity instances CPU < 30%` at baseline (non-peak hours) for 14 days.,Practical,CloudWatch ASG metrics (GroupInServiceInstances + CPUUtilization) native. Azure Monitor VMSS metrics.,,,Yes – CloudWatch AWS/EC2 ASG metrics,Yes – Azure Monitor VMSS metrics,Yes – GCP Cloud Monitoring MIG metrics,No,Yes,Yes,Yes,Yes,Partial,Yes,10-30%,High,Medium,Important for auto-scaling environments.,,,
R072,Azure Reserved Capacity for Cosmos DB / App Service / Storage,cost_saving,Database,Commitment Discounts,Azure Cosmos DB Reserved Capacity; Azure App Service Reserved Instances; Azure Storage Reserved Capacity,Azure reservations extend beyond VMs. Cosmos DB; App Service plans; Blob storage can all be reserved for 1/3 years.,Up to 65% for Cosmos DB; 50% for App Service with reservations.,Azure Advisor reservation recommendations. Usage > threshold for 30 days.,Practical,Azure Advisor Recommendations API (category=Cost; type=BuyReservedCapacity).,,,No,Yes – Azure Advisor Reservations API,No,No,Yes,Yes,Yes,Yes,Partial,Yes,30-65%,High,Medium,Azure-specific. Extends R007 to PaaS services.,,,
R073,Unattached / Idle Load Balancer,cost_saving,Network,Load Balancer,AWS ALB/NLB (no targets); Azure Load Balancer (no backend pool); GCP Forwarding Rules (no backends),Delete load balancers with no healthy backend targets / instances for 7+ days.,Fixed hourly cost with zero traffic. 100% savings when deleted.,Healthy host count = 0 OR request count = 0 for 7 days.,Practical,CloudWatch ALB HealthyHostCount native. Azure Monitor LB metrics. GCP Cloud Monitoring.,,,Yes – CloudWatch ALB/NLB HealthyHostCount,Yes – Azure Monitor LB backend pool health,Yes – GCP Cloud Monitoring Forwarding Rule metrics,Partial,Yes,Yes,Yes,Yes,Partial,Yes,100% idle,High,Low,Distinct from rightsizing (R027). No targets = certain waste.,,,
R074,Development / Test Environment Scheduling,cost_saving,Compute,Virtual Machine,All CSP VMs; Databases; Kubernetes clusters in non-prod,Schedule automatic start/stop of non-production environments outside working hours. Reduces running hours 60-70%.,Non-prod runs 24/7 but used 8-10h/day. 60-70% of non-prod compute cost recoverable.,Schedule-based: tag environment=dev/test; define stop time 7pm; start time 8am.,Practical,No special metrics needed. Tagging + CSP scheduler (AWS Instance Scheduler; Azure Automation; GCP Cloud Scheduler).,,,Yes,Yes,Yes,Yes,Yes,Yes,Yes,Yes,Yes,Yes,60-70% non-prod,High,Medium,Very high ROI. Simple tagging + scheduler.,,,
R075,Compute Optimizer EC2 / Lambda / EBS / ECS Recommendations,cost_saving,Compute,Virtual Machine,AWS EC2; AWS Lambda; AWS EBS; AWS ECS on EC2; AWS Auto Scaling Groups,Consume AWS Compute Optimizer recommendations which use ML on 14 days of CloudWatch data to recommend optimal instance type / size across EC2; EBS; Lambda; and ECS on EC2.,Best-in-class AWS rightsizing. Up to 25% savings identified automatically. Covers memory as well as CPU when CW Agent installed.,Compute Optimizer recommendation exists for resource. Use GetEC2InstanceRecommendations; GetLambdaFunctionRecommendations; GetEBSVolumeRecommendations; GetECSServiceRecommendations API.,Practical,AWS Compute Optimizer API. CPU native via CloudWatch. Memory requires CloudWatch Agent.,,,Yes – AWS Compute Optimizer API,No,No,No,Yes,Yes,Yes,Yes,Yes,Yes,10-25%,Top,Low,Best source for AWS rightsizing. Surface and normalize.,Memory-based recommendations require CloudWatch Agent installed on EC2.,https://docs.aws.amazon.com/compute-optimizer/latest/ug/,
RS001,Harness CCM AutoStopping (Non-Prod),saas_specialized,Compute,Virtual Machine,AWS EC2/ASG/RDS; Azure VMs/AKS; GCP GCE/GKE; AWS EKS/ECS,Harness CCM AutoStopping: intelligently stop non-production cloud resources when idle and restart them transparently on-demand (DNS/proxy). Reduces non-prod cloud cost by 60-70%.,Non-prod resources run 24/7 but are used only 30-40% of the time. AutoStopping ensures 100% automatic cost recovery during idle periods with transparent access restoration (no change to DNS/IPs visible to users).,Resources in dev/test/staging with no active connections for N minutes. Harness monitors traffic via proxy/DNS.,Practical,Harness CCM-native feature. Does not require native CSP metrics. Harness installs a lightweight connector.,,,Yes – AWS (EC2; ASG; RDS; EKS; ECS),Yes – Azure (VMs; AKS),Yes – GCP (GCE; GKE; MIG),No,No,Partial,Partial,Yes,Partial,Partial,60-70% non-prod,Top,Medium,Harness CCM-specific feature not available natively in CSPs. Best-in-class non-prod optimization.,Harness CCM Specialized: AutoStopping is a Harness CCM proprietary feature. Requires Harness connector deployment.,https://developer.harness.io/docs/cloud-cost-management/use-ccm-cost-optimization/optimize-cloud-costs-with-intelligent-cloud-auto-stopping-rules/,
RS002,Harness CCM Kubernetes AutoStopping,saas_specialized,Container,Cluster,Kubernetes (EKS; AKS; GKE) namespaces and workloads,Harness CCM AutoStopping for Kubernetes: stop entire namespace workloads when idle; restart on request. Ideal for shared dev/test clusters running multiple team namespaces.,Kubernetes clusters often run 10-20 team namespaces; most idle at any point in time. AutoStopping recovers namespace-level compute cost.,Namespace with no active requests for N minutes. Harness K8s operator monitors Ingress/service traffic.,Practical,Harness CCM K8s operator (lightweight deployment in cluster).,,,Yes – EKS,Yes – AKS,Yes – GKE,No,No,No,Partial,Yes,No,No,60-70%,High,Medium,Harness CCM-specific feature. Namespace-level autostop unique to Harness.,Harness CCM Specialized: Kubernetes AutoStopping requires Harness CCM K8s operator.,https://developer.harness.io/docs/cloud-cost-management/,
RS003,Datadog Cloud Cost APM / Metric Correlation,saas_specialized,Compute,Virtual Machine,AWS EC2; Azure VM; GCP GCE (instrumented with Datadog APM),Datadog Cloud Cost Management correlates infrastructure cost with APM traces and metrics. Surfaces services with high unit cost (cost per request or transaction). Identifies over-provisioned services based on actual observed latency and throughput.,Identifies services where provisioned capacity is 2x+ what actual traffic requires. Enables engineering-led right-sizing based on observed performance data rather than just utilization %.,Datadog cost per unit (service metric / infrastructure cost ratio) above threshold.,Practical,Datadog APM Agent (must be deployed in application). Datadog Cloud Cost ingestion from CSP billing.,,,Yes,Yes,Yes,Partial,No,Partial,Partial,Partial,Yes,Partial,Variable,High,Medium,Datadog CCM-specific: APM-to-cost correlation is unique to observability-native tools. Requires Datadog APM agent.,Datadog Specialized: Requires Datadog APM agent deployed in services. Best for engineering teams already using Datadog observability.,https://docs.datadoghq.com/cloud_cost_management/,
RS004,Flexera Custom Policy Recommendations,saas_specialized,Governance,Custom Policy,All CSP resources (AWS; Azure; GCP; OCI),Flexera allows organizations to build and apply custom spend recommendations beyond standard rightsizing. Policy templates detect non-optimized resources based on custom logic (e.g. untagged + old + idle = delete).,Uncovers organization-specific savings opportunities not surfaced by native CSP tools. Custom policies can catch resource sprawl patterns unique to each customer's provisioning practices.,Custom policy condition met on resource inventory.,Practical,Flexera ingests CSP billing + inventory data. No additional agent typically required.,,,Yes,Yes,Yes,Yes,No,Yes,Partial,Partial,Partial,Partial,Variable,High,Medium,Flexera Specialized: Custom policy recommendation engine is a Flexera differentiator. Enables organization-specific savings not possible with CSP-native tools.,Flexera Specialized: Custom policy engine allows building advisories beyond standard rightsizing and RI/SP.,https://docs.flexera.com/flexeraone/EN/WhatsNew/FeatureList/CustomSpendRec.htm,
RS005,Apptio Cloudability Business Mapping and Chargeback,saas_specialized,Governance,Cost Allocation,All CSP billing data (AWS; Azure; GCP),Apptio Cloudability enables building financial models that map cloud spend to business units; products; teams and cost centers. Generates showback/chargeback recommendations and unallocated cost reports.,Enables financial accountability. Organizations with poor cost allocation see 15-30% waste from shared resources not tracked.,Unallocated spend > 20% of total cloud bill.,Practical,Apptio ingests CUR/billing exports. No additional infrastructure agent required.,,,Yes,Yes,Yes,Partial,No,Partial,Yes,Partial,No,Partial,Indirect,High,Medium,Apptio Specialized: Business-level cost modeling and chargeback recommendations unique to financial management SaaS tools.,Apptio (Cloudability) Specialized: Financial chargeback modeling and business-level allocation is Apptio's primary differentiator over native CSP tools.,https://cloudability.com/,
RS006,CloudHealth by VMware Policy-Based Automation,saas_specialized,Governance,Custom Policy,All CSP resources (AWS; Azure; GCP),CloudHealth enables creating automated cost governance policies (e.g. auto-tag; auto-stop; auto-rightsize) that fire based on combinations of resource metadata + utilization + cost. Multi-cloud policy engine.,Automated governance reduces manual effort and ensures savings recommendations are acted upon systematically.,Policy rule conditions met (multi-attribute matching).,Practical,CloudHealth ingests CSP billing + CloudWatch/ARM/GCP metrics data. No additional agent.,,,Yes,Yes,Yes,Partial,No,Partial,Partial,Partial,Partial,Yes,Variable,High,Medium,CloudHealth Specialized: Multi-cloud policy automation and action execution is a CloudHealth differentiator. Policies can auto-execute (stop; rightsize; tag) without human approval.,CloudHealth (VMware) Specialized: Policy automation engine with multi-cloud support. Actions (stop/rightsize) can be automated beyond just recommendations.,https://cloudhealth.vmware.com/,
RS007,Spot.io / NetApp Ocean Kubernetes Spot Optimization,saas_specialized,Container,Cluster,Kubernetes on Spot Instances (EKS; AKS; GKE),Spot.io Ocean: automatically replace Kubernetes on-demand nodes with spot/preemptible equivalents. Ocean manages spot interruptions transparently via workload bin-packing and multi-zone failover.,50-80% reduction in Kubernetes compute cost by running nodes on spot. Spot interruptions handled automatically.,Kubernetes on-demand node cost > threshold AND spot availability in region. Spot.io Ocean manages pool.,Practical,Spot.io agent deployed in cluster. Manages node lifecycle.,,,Yes – EKS with Spot Instances,Yes – AKS with Azure Spot,Yes – GKE with Preemptible/Spot,No,No,No,No,Partial,No,Yes,50-80%,High,Medium,Spot.io Specialized: Intelligent spot management for K8s is Spot.io's (NetApp Ocean) core product. Not available natively in CSP Kubernetes management.,Spot.io / NetApp Specialized: Kubernetes spot instance orchestration via Ocean. Requires Spot.io agent in cluster.,https://spot.io/products/ocean/,
RS008,ProsperOps Autonomous RI / SP Management,saas_specialized,Compute,Commitment Discounts,AWS EC2; AWS RDS; AWS ElastiCache; AWS Redshift; AWS Lambda (via Savings Plans),ProsperOps autonomously purchases and manages AWS Reserved Instances and Savings Plans. Continuously adjusts commitment portfolio as workloads change. Maximizes effective savings rate.,Customers report 15-20% additional savings beyond self-managed RI/SP. No commitment management overhead.,On-demand spend > threshold. ProsperOps analyses CUR and auto-purchases RI/SP.,Practical,ProsperOps ingests AWS CUR. Requires AWS IAM role with permissions to purchase RI/SP. No infrastructure agent.,,,Yes,No,No,No,No,Partial,Partial,Partial,No,Partial,Yes,15-20% additional on existing RI/SP,High,Low,ProsperOps Specialized: Autonomous RI/SP management is unique. No manual commitment management required. AWS-only.,ProsperOps Specialized: Autonomous AWS RI/SP purchasing. Not available natively. Managed service; not self-operated.,https://prosperops.com/